{
  "hash": "2d5f01f0",
  "configHash": "1a392f67",
  "lockfileHash": "d1dcc7d5",
  "browserHash": "996c4872",
  "optimized": {
    "@angular/common": {
      "src": "../../../../../../node_modules/@angular/common/fesm2022/common.mjs",
      "file": "@angular_common.js",
      "fileHash": "0fe9a2a4",
      "needsInterop": false
    },
    "@angular/common/http": {
      "src": "../../../../../../node_modules/@angular/common/fesm2022/http.mjs",
      "file": "@angular_common_http.js",
      "fileHash": "912cb59f",
      "needsInterop": false
    },
    "@angular/core": {
      "src": "../../../../../../node_modules/@angular/core/fesm2022/core.mjs",
      "file": "@angular_core.js",
      "fileHash": "5d3fd3a9",
      "needsInterop": false
    },
    "@angular/forms": {
      "src": "../../../../../../node_modules/@angular/forms/fesm2022/forms.mjs",
      "file": "@angular_forms.js",
      "fileHash": "dd84a628",
      "needsInterop": false
    },
    "@angular/platform-browser": {
      "src": "../../../../../../node_modules/@angular/platform-browser/fesm2022/platform-browser.mjs",
      "file": "@angular_platform-browser.js",
      "fileHash": "e80f4913",
      "needsInterop": false
    },
    "@angular/router": {
      "src": "../../../../../../node_modules/@angular/router/fesm2022/router.mjs",
      "file": "@angular_router.js",
      "fileHash": "c064a01b",
      "needsInterop": false
    }
  },
  "chunks": {
    "chunk-LWM3CF47": {
      "file": "chunk-LWM3CF47.js"
    },
    "chunk-XIQE5WNU": {
      "file": "chunk-XIQE5WNU.js"
    },
    "chunk-B5DXZVOY": {
      "file": "chunk-B5DXZVOY.js"
    },
    "chunk-OQP7OUDA": {
      "file": "chunk-OQP7OUDA.js"
    },
    "chunk-ASHZZYI7": {
      "file": "chunk-ASHZZYI7.js"
    }
  }
}